year,pop,homicideCount,homicideRate,city_homicideRate,homicideRatio,vcCount,vcRate,city_vcRate,vcRatio,p1Count,p1Rate,city_p1Rate,p1Ratio
2015,6090.003593423241,0,0,61.03507943998742,0,20,328.40703118136975,1828.5354727072518,0.17960112673950168,296,4860.424061484272,8304.86078338839,0.5852505163248762
2016,5868.752471793347,1,17.039396444239955,63.6015568142265,0.2679084805111021,41,698.6152542138382,1927.032243774325,0.36253428372610724,308,5248.134104825906,8050.8179603202225,0.6518758877287
2017,5836.659923424444,1,17.133086613230105,69.8707708333995,0.24521107193854197,37,633.9242046895139,2072.303544036053,0.30590316100838805,329,5636.785495752705,8218.073027659299,0.6859011202238239
2018,5836.659923424444,1,17.133086613230105,60.97812727278502,0.28097101992957935,23,394.06099210429244,1754.0739423312066,0.22465472098660555,201,3443.7504092592512,7640.051196219357,0.45074965086142027
